iv,ec,caseid,south,dem,te,cut_hi,_st,_d,_t,_t0
1,1.22795,1807,0,1,90,0,1,0,90,78
.74000001,1.64868,3313,0,1,89,0,1,0,89,78
.77999997,1.4783601,3310,0,1,89,0,1,0,89,78
1,.68254799,907,1,1,78,0,1,0,78,65
1,.67033798,907,1,1,88,0,1,0,88,78
.77999997,1.4177001,3310,0,1,78,0,1,0,78,65
.67000002,1.68832,3009,0,1,70,0,1,0,70,65
.74000001,1.49721,3313,0,1,78,0,1,0,78,65
.69,1.51466,533,0,0,67,0,1,0,67,65
1,.62364298,907,1,1,53,0,1,0,53,26
.80000001,1.0256,4101,1,0,83,0,1,0,83,78
.74000001,1.46822,3313,0,1,65,0,1,0,65,53
.77999997,1.3602,3310,0,1,65,0,1,0,65,53
1,.575342,907,1,1,26,0,1,0,26,0
.69,1.45709,533,0,0,53,0,1,0,53,26
.80000001,.97213203,4101,1,0,78,0,1,0,78,65
.69,1.4502701,533,0,0,65,0,1,0,65,53
1,.54341698,907,1,1,65,0,1,0,65,53
.74000001,1.39326,3313,0,1,53,0,1,0,53,26
.67000002,1.56399,527,0,1,59,0,1,0,59,53
1,.52762902,4209,1,1,50,1,1,1,50,26
1,.714912,3603,0,1,53,0,1,0,53,26
1,.70405501,3603,0,1,26,0,1,0,26,0
.77999997,1.24184,3310,0,1,53,0,1,0,53,26
.80000001,.88170397,4101,1,0,53,0,1,0,53,26
.95999998,.56703299,204,1,1,75,0,1,0,75,65
.80000001,.87591302,4101,1,0,65,0,1,0,65,53
.95999998,.56303698,204,1,1,53,0,1,0,53,26
.95999998,.55818599,204,1,1,65,0,1,0,65,53
.67000002,1.4857301,527,0,1,53,0,1,0,53,26
1,.44999,4209,1,1,26,0,1,0,26,0
1,.65560699,3603,0,1,65,0,1,0,65,53
1,.641864,3603,0,1,72,0,1,0,72,65
1,.639678,1807,0,1,78,0,1,0,78,65
1,.63192999,1807,0,1,65,0,1,0,65,53
.80000001,.82812798,4101,1,0,26,0,1,0,26,0
1,.32459399,909,1,0,53,0,1,0,53,26
.95999998,.51151103,204,1,1,26,0,1,0,26,0
1,.40592301,4404,1,1,76,0,1,0,76,65
.69,1.28918,533,0,0,26,0,1,0,26,0
1,.305062,909,1,0,58,0,1,0,58,53
.94,.451756,202,1,0,53,0,1,0,53,26
.67000002,1.41838,527,0,1,26,0,1,0,26,0
.94,.43252501,202,1,0,26,0,1,0,26,0
1,.368963,4404,1,1,65,0,1,0,65,53
1,.36735901,4404,1,1,26,0,1,0,26,0
1,.57100302,3008,0,1,75,0,1,0,75,65
1,.363561,4404,1,1,53,0,1,0,53,26
1,.56765598,3008,0,1,26,0,1,0,26,0
1,.270816,905,1,0,53,0,1,0,53,26
1,.262153,905,1,0,65,0,1,0,65,53
.94,.40502301,202,1,0,61,0,1,0,61,53
1,.46108499,1601,0,0,84,0,1,0,84,78
1,.54759598,3008,0,1,53,0,1,0,53,26
1,.53337902,1809,0,1,90,0,1,0,90,78
1,.232545,4407,1,0,53,0,1,0,53,26
1,.52593499,3008,0,1,65,0,1,0,65,53
1,.31794301,903,1,1,53,0,1,0,53,26
1,.22361401,909,1,0,26,0,1,0,26,0
1,.42829001,1601,0,0,78,0,1,0,78,65
1,.222288,912,1,0,78,0,1,0,78,65
1,.31141299,903,1,1,26,0,1,0,26,0
.74000001,1.1630599,3313,0,1,26,0,1,0,26,0
1,.21112201,905,1,0,26,0,1,0,26,0
1,.50062799,1809,0,1,78,0,1,0,78,65
1,.20250399,4407,1,0,26,0,1,0,26,0
1,.49761999,1807,0,1,26,0,1,0,26,0
1,.49552101,1807,0,1,53,0,1,0,53,26
1,.282619,1008,1,1,53,0,1,0,53,26
1,.191651,912,1,0,65,0,1,0,65,53
.99000001,.51045501,504,0,1,56,0,1,0,56,53
1,.48385099,3309,0,1,89,0,1,0,89,78
1,.27228299,1008,1,1,65,0,1,0,65,53
.99000001,.50286299,504,0,1,53,0,1,0,53,26
1,.18121301,912,1,0,53,0,1,0,53,26
.99000001,.50006402,504,0,1,26,0,1,0,26,0
1,.26728499,1008,1,1,71,0,1,0,71,65
1,.37697801,1601,0,0,53,0,1,0,53,26
1,.37481001,1601,0,0,65,0,1,0,65,53
1,.167404,4403,1,0,49,0,1,0,49,26
1,.25669,917,1,1,26,0,1,0,26,0
1,.16673701,912,1,0,26,0,1,0,26,0
.97000003,.53189301,2116,0,1,78,0,1,0,78,65
1,.157141,4403,1,0,26,0,1,0,26,0
1,.36081001,1601,0,0,26,0,1,0,26,0
.97000003,.52327698,2116,0,1,84,0,1,0,84,78
1,.13961101,912,1,0,88,0,1,0,88,78
1,.21886601,1008,1,1,26,0,1,0,26,0
1,.216381,917,1,1,31,0,1,0,31,26
1,.216024,4227,1,1,63,0,1,0,63,53
1,.21389499,4227,1,1,53,0,1,0,53,26
.79000002,.644472,4207,1,0,53,0,1,0,53,26
.97000003,.48954201,2116,0,1,65,0,1,0,65,53
1,.412543,1809,0,1,65,0,1,0,65,53
1,.20524199,4227,1,1,26,0,1,0,26,0
1,.112483,4208,1,0,63,0,1,0,63,53
1,.40696201,3309,0,1,78,0,1,0,78,65
1,.110724,4208,1,0,26,0,1,0,26,0
.74000001,1.05435,1408,0,1,64,0,1,0,64,53
.74000001,1.05246,1408,0,1,53,0,1,0,53,26
.79000002,.62942898,4207,1,0,63,0,1,0,63,53
1,.31037501,3404,0,0,53,0,1,0,53,26
.99000001,.127572,902,1,0,45,0,1,0,45,26
1,.39417201,1809,0,1,53,0,1,0,53,26
1,.187374,1003,1,1,39,0,1,0,39,26
.92000002,.38470501,4224,1,1,53,0,1,0,53,26
.93000001,.26701099,4221,1,0,53,0,1,0,53,26
1,.297674,3404,0,0,63,0,1,0,63,53
1,.179528,1003,1,1,26,0,1,0,26,0
.79000002,.61282402,4207,1,0,26,0,1,0,26,0
1,.37891299,1809,0,1,26,0,1,0,26,0
1,.082390003,4208,1,0,53,0,1,0,53,26
1,.169358,4105,1,1,53,0,1,0,53,26
.74000001,.93398601,3007,0,0,65,0,1,0,65,53
.74000001,.93383503,3007,0,0,75,0,1,0,75,65
1,.16855501,4105,1,1,83,0,1,0,83,78
.74000001,1.0155801,1408,0,1,26,0,1,0,26,0
1,.160855,4105,1,1,78,0,1,0,78,65
.92000002,.35990801,4224,1,1,63,0,1,0,63,53
.97000003,.438867,3316,0,1,78,0,1,0,78,65
.97000003,.438348,3316,0,1,26,0,1,0,26,0
1,.156498,4105,1,1,65,0,1,0,65,53
.77999997,.905128,3310,0,1,26,0,1,0,26,0
1,.262308,1705,0,0,74,0,1,0,74,65
1,.25965101,1705,0,0,65,0,1,0,65,53
1,.140377,4104,1,1,83,0,1,0,83,78
.80000001,.54972202,4107,1,0,83,0,1,0,83,78
.93000001,.21640299,4221,1,0,26,0,1,0,26,0
1,.13107,2603,1,1,43,0,1,0,43,26
1,.24479499,1705,0,0,53,0,1,0,53,26
1,.23874199,3325,0,0,78,0,1,0,78,65
1,.121952,2603,1,1,26,0,1,0,26,0
1,.32241699,3309,0,1,53,0,1,0,53,26
1,.232363,3325,0,0,65,0,1,0,65,53
.74000001,.87973797,3007,0,0,53,0,1,0,53,26
1,.316838,4502,0,1,78,0,1,0,78,65
1,.22164001,3325,0,0,53,0,1,0,53,26
.99000001,.039289001,902,1,0,26,0,1,0,26,0
1,.30637601,3712,0,1,26,0,1,0,26,0
1,.099905998,4104,1,1,78,0,1,0,78,65
1,.21495999,3325,0,0,89,0,1,0,89,78
1,.211294,3404,0,0,26,0,1,0,26,0
1,.209611,3709,0,0,65,0,1,0,65,53
1,.298944,3307,0,1,89,0,1,0,89,78
1,.092959002,4104,1,1,65,0,1,0,65,53
1,.29614699,3309,0,1,65,0,1,0,65,53
1,.084077999,4217,1,1,26,0,1,0,26,0
1,.083003998,4104,1,1,53,0,1,0,53,26
1,.082872003,2602,1,1,58,0,1,0,58,53
.97000003,.356846,3316,0,1,89,1,1,1,89,78
1,.075739004,2602,1,1,26,0,1,0,26,0
.92000002,.27467099,4224,1,1,26,0,1,0,26,0
1,.075080998,4104,1,1,26,0,1,0,26,0
1,.190743,1705,0,0,26,0,1,0,26,0
1,.190538,3325,0,0,26,0,1,0,26,0
1,.27896699,3307,0,1,78,0,1,0,78,65
1,.27684599,4502,0,1,81,0,1,0,81,78
.97000003,.351302,3316,0,1,65,0,1,0,65,53
1,.27401599,3711,0,1,65,0,1,0,65,53
1,.184259,3102,0,0,75,0,1,0,75,65
1,.064542003,2602,1,1,53,0,1,0,53,26
1,.269357,3307,0,1,26,0,1,0,26,0
1,.058784999,4217,1,1,53,0,1,0,53,26
1,.174595,3709,0,0,53,0,1,0,53,26
.95999998,.26938,3334,0,0,73,0,1,0,73,65
1,.050868999,4217,1,1,63,0,1,0,63,53
1,.256392,3712,0,1,53,0,1,0,53,26
.97000003,.33119801,3316,0,1,53,0,1,0,53,26
1,.046769999,301,1,1,46,0,1,0,46,26
.80000001,.455621,4107,1,0,78,0,1,0,78,65
.80000001,.45199099,4107,1,0,65,0,1,0,65,53
1,.15637501,3709,0,0,72,0,1,0,72,65
1,.245819,3711,0,1,53,0,1,0,53,26
1,.039476998,301,1,1,26,0,1,0,26,0
1,.244553,3309,0,1,26,0,1,0,26,0
1,.24166501,3307,0,1,53,0,1,0,53,26
1,.14636201,3102,0,0,65,0,1,0,65,53
.80000001,.439311,4107,1,0,53,0,1,0,53,26
1,.029711001,4105,1,1,26,0,1,0,26,0
1,.23459101,4502,0,1,53,0,1,0,53,26
1,.229623,3333,0,1,89,0,1,0,89,78
1,.229537,4502,0,1,65,0,1,0,65,53
1,.138798,3717,0,0,53,0,1,0,53,26
1,.22709399,1407,0,1,53,0,1,0,53,26
1,.22518601,4604,0,1,70,0,1,0,70,65
1,.134086,3717,0,0,65,0,1,0,65,53
1,.221875,3333,0,1,78,0,1,0,78,65
1,.220241,1407,0,1,26,0,1,0,26,0
1,.218447,3711,0,1,26,0,1,0,26,0
1,.12772299,3717,0,0,72,0,1,0,72,65
1,.011211,4216,1,1,63,0,1,0,63,53
.93000001,.182344,4210,1,1,51,0,1,0,51,26
1,.0071399999,4216,1,1,53,0,1,0,53,26
1,.122033,3717,0,0,26,0,1,0,26,0
1,.211301,3307,0,1,65,0,1,0,65,53
1,.0025150001,4216,1,1,26,0,1,0,26,0
1,.118399,3102,0,0,53,0,1,0,53,26
.74000001,.76670301,3007,0,0,26,0,1,0,26,0
.99000001,.026062001,4218,1,1,63,0,1,0,63,53
1,.20562799,3333,0,1,53,0,1,0,53,26
1,.20138399,3504,0,1,78,0,1,0,78,57
.99000001,.018214,4218,1,1,53,0,1,0,53,26
1,.198431,3333,0,1,65,0,1,0,65,53
1,.194773,4502,0,1,26,0,1,0,26,0
1,.19448701,4604,0,1,53,0,1,0,53,26
.97000003,.26870701,2116,0,1,53,0,1,0,53,26
1,.104073,3709,0,0,26,0,1,0,26,0
1,.193436,4604,0,1,65,0,1,0,65,53
1,.1036,3102,0,0,26,0,1,0,26,0
.93000001,.161732,4215,1,1,26,0,1,0,26,0
.95999998,.202006,3334,0,0,65,0,1,0,65,53
1,.18626601,4604,0,1,26,0,1,0,26,0
.93000001,.15235899,4215,1,1,63,0,1,0,63,53
.97000003,.257153,2116,0,1,26,0,1,0,26,0
.99000001,0,4218,1,1,26,0,1,0,26,0
1,.180655,3504,0,1,57,0,1,0,57,53
.93000001,.148388,4215,1,1,53,0,1,0,53,26
1,.179322,3333,0,1,26,0,1,0,26,0
.94999999,.300412,1701,0,1,74,0,1,0,74,65
.75999999,.56529301,4106,1,1,83,0,1,0,83,78
.95999998,.179042,3334,0,0,53,0,1,0,53,26
.70999998,.67876202,4225,1,1,63,0,1,0,63,53
.87,.395033,404,0,0,56,0,1,0,56,53
.94999999,.279856,1701,0,1,65,0,1,0,65,53
1,.15474001,1803,0,1,78,0,1,0,78,65
.80000001,.65309697,1811,0,1,90,0,1,0,90,78
.70999998,.67016202,4225,1,1,53,0,1,0,53,26
.93000001,.116742,4210,1,1,26,0,1,0,26,0
.75999999,.65565199,2118,0,0,40,0,1,0,40,26
1,.14458901,3504,0,1,53,0,1,0,53,26
1,.14253201,1803,0,1,90,0,1,0,90,78
.94999999,.26687601,1701,0,1,53,0,1,0,53,26
.80000001,.63959599,1811,0,1,78,0,1,0,78,65
1,.138785,3712,0,1,65,0,1,0,65,53
.95999998,.148057,3334,0,0,26,0,1,0,26,0
1,.13644201,1803,0,1,65,0,1,0,65,53
.75999999,.52915502,4106,1,1,78,0,1,0,78,65
.94999999,.25060901,1701,0,1,26,0,1,0,26,0
1,.125091,1803,0,1,53,0,1,0,53,26
1,.121943,3504,0,1,26,0,1,0,26,0
.74000001,.47163999,303,1,0,66,0,1,0,66,65
1,.117425,1407,0,1,64,0,1,0,64,53
.75999999,.62453699,2118,0,0,26,0,1,0,26,0
.72000003,.602166,919,1,1,26,0,1,0,26,0
1,.106439,3711,0,1,72,0,1,0,72,65
.77999997,.44917399,2401,1,1,70,0,1,0,70,65
.75999999,.70483601,4505,0,1,42,0,1,0,42,26
1,.105722,3712,0,1,72,0,1,0,72,65
.77999997,.44586399,2401,1,1,65,0,1,0,65,53
1,.101904,1907,0,1,78,0,1,0,78,65
1,.096490003,4702,0,1,57,0,1,0,57,53
.77999997,.435184,2401,1,1,53,0,1,0,53,26
.73000002,.66918802,1706,0,0,74,0,1,0,74,65
.88,.17839199,2403,1,1,75,0,1,0,75,65
1,.082028002,4702,0,1,26,0,1,0,26,0
.69999999,.74091899,3304,0,0,89,0,1,0,89,78
1,.080115996,1803,0,1,26,0,1,0,26,0
.73000002,.66352302,1706,0,0,65,0,1,0,65,53
.73000002,.66068202,1706,0,0,53,0,1,0,53,26
1,.075225003,1907,0,1,53,0,1,0,53,26
.98000002,.123118,3720,0,1,65,0,1,0,65,53
.98000002,.122887,3720,0,1,72,0,1,0,72,65
1,.067932002,1907,0,1,26,0,1,0,26,0
1,.066405997,1907,0,1,89,0,1,0,89,78
1,.064718001,4702,0,1,53,0,1,0,53,26
.98000002,.114555,3720,0,1,53,0,1,0,53,26
1,.061903998,1907,0,1,65,0,1,0,65,53
.74000001,.407204,303,1,0,65,0,1,0,65,53
.70999998,.77736002,503,0,1,10,0,1,0,10,0
.81,.231905,4203,1,0,53,0,1,0,53,26
.80000001,.256807,4107,1,0,26,0,1,0,26,0
.74000001,.403846,303,1,0,53,0,1,0,53,26
.80000001,.54753703,1811,0,1,65,0,1,0,65,53
.80000001,.54152101,1811,0,1,53,0,1,0,53,26
.75999999,.639516,4505,0,1,26,0,1,0,26,0
.81,.21784601,4203,1,0,63,0,1,0,63,53
.69,.72038603,522,0,0,53,0,1,0,53,26
1,.035332002,3308,0,1,78,0,1,0,78,65
.98000002,.081605002,3720,0,1,26,0,1,0,26,0
.88,.124307,2403,1,1,26,0,1,0,26,0
.73000002,.61223501,1706,0,0,26,0,1,0,26,0
1,.027372001,3308,0,1,89,0,1,0,89,78
.88,.116627,2403,1,1,53,0,1,0,53,26
.69,.70295203,522,0,0,61,0,1,0,61,53
.94,.168313,3703,0,1,33,0,1,0,33,26
.88,.111928,2403,1,1,65,0,1,0,65,53
1,.016713001,3308,0,1,65,0,1,0,65,53
.93000001,.190072,3702,0,1,65,0,1,0,65,53
.77999997,.35650399,2401,1,1,26,0,1,0,26,0
.70999998,.52529901,4225,1,1,26,0,1,0,26,0
1,.00373,3308,0,1,26,0,1,0,26,0
.69999999,.66187501,3304,0,0,78,0,1,0,78,65
1,.001763,3308,0,1,53,0,1,0,53,26
.87,.235985,404,0,0,53,0,1,0,53,26
.73000002,.37895101,908,1,0,78,0,1,0,78,65
.75999999,.39350501,4106,1,1,65,0,1,0,65,53
.95999998,.098439999,3722,0,1,70,0,1,0,70,65
.74000001,.34777999,303,1,0,26,0,1,0,26,0
.75999999,.38356099,4106,1,1,53,0,1,0,53,26
.93000001,.16476101,3328,0,1,82,0,1,0,82,78
.93000001,.16436601,3328,0,1,78,0,1,0,78,65
.94,.137226,3703,0,1,26,0,1,0,26,0
.95999998,.085887,3722,0,1,26,0,1,0,26,0
.87,.21927901,404,0,0,26,0,1,0,26,0
.95999998,.081584997,3722,0,1,65,0,1,0,65,53
.95999998,.081453003,3722,0,1,53,0,1,0,53,26
.73000002,.35562301,908,1,0,88,0,1,0,88,78
.87,.093183003,4202,1,1,26,0,1,0,26,0
.80000001,.457829,1811,0,1,26,0,1,0,26,0
.67000002,.485562,4206,1,0,54,0,1,0,54,53
.93000001,.131835,3328,0,1,53,0,1,0,53,26
.73000002,.332266,908,1,0,53,0,1,0,53,26
.93000001,.127817,3328,0,1,65,0,1,0,65,53
.93000001,.123265,3328,0,1,26,0,1,0,26,0
.69999999,.60456002,3304,0,0,65,0,1,0,65,53
.93000001,.119319,3702,0,1,26,0,1,0,26,0
.73000002,.320564,908,1,0,65,0,1,0,65,53
.69999999,.60016602,3304,0,0,53,0,1,0,53,26
.95999998,.039956,1401,0,1,53,0,1,0,53,26
.87,.051833,4202,1,1,53,0,1,0,53,26
.69,.61618102,522,0,0,26,0,1,0,26,0
.67000002,.460042,4206,1,0,53,0,1,0,53,26
.95999998,.031463001,1401,0,1,64,0,1,0,64,53
.81,.105473,4203,1,0,26,0,1,0,26,0
.75999999,.319552,3906,1,1,76,0,1,0,76,65
.72000003,.62244898,3332,0,1,89,0,1,0,89,78
.81999999,.28299499,1801,0,0,26,0,1,0,26,0
.77999997,.38247201,3705,0,0,70,0,1,0,70,65
.81999999,.28066701,1801,0,0,40,0,1,0,40,26
.95999998,.018183,1401,0,1,26,0,1,0,26,0
.73000002,.29371199,908,1,0,26,0,1,0,26,0
.75999999,.29576901,3906,1,1,65,0,1,0,65,53
.67000002,.51440501,2607,1,1,71,0,1,0,71,65
.93000001,.071492001,3702,0,1,72,0,1,0,72,65
.77999997,.23983,1005,1,1,65,0,1,0,65,53
.77999997,.35601199,3705,0,0,53,0,1,0,53,26
.77999997,.34777901,3705,0,0,26,0,1,0,26,0
.75999999,.274854,4106,1,1,26,0,1,0,26,0
.77999997,.213257,1005,1,1,69,0,1,0,69,65
.75999999,.26048201,3906,1,1,53,0,1,0,53,26
.85000002,.241273,3421,0,1,71,0,1,0,71,65
.93000001,.041285001,3318,0,1,65,0,1,0,65,53
.72000003,.468606,3402,0,0,71,0,1,0,71,65
.93000001,.033199001,3318,0,1,53,0,1,0,53,26
.93000001,.032648999,3702,0,1,53,0,1,0,53,26
.69,.42478701,916,1,1,78,0,1,0,78,65
.77999997,.40534201,1905,0,1,65,0,1,0,65,53
.91000003,.080932997,2101,0,1,26,0,1,0,26,0
.72000003,.54895401,3332,0,1,78,0,1,0,78,65
.77999997,.309542,3705,0,0,65,0,1,0,65,53
.93000001,.021032,3312,0,1,78,0,1,0,78,65
.69,.413495,916,1,1,88,0,1,0,88,78
.93000001,.01998,3318,0,1,78,0,1,0,78,65
.93000001,.019562,3312,0,1,26,0,1,0,26,0
.93000001,.019556999,3312,0,1,89,0,1,0,89,78
.63,.559048,1010,1,1,56,0,1,0,56,53
.93000001,.016376,3312,0,1,53,0,1,0,53,26
.77999997,.390277,1905,0,1,67,0,1,0,67,65
.93000001,.01386,3312,0,1,65,0,1,0,65,53
.85000002,.212559,3421,0,1,26,0,1,0,26,0
.93000001,.012411,3318,0,1,89,0,1,0,89,78
.63,.55485302,1010,1,1,53,0,1,0,53,26
.74000001,.39415899,4606,0,0,89,0,1,0,89,78
.85000002,.208537,3421,0,1,53,0,1,0,53,26
.69999999,.48925701,3304,0,0,26,0,1,0,26,0
.77999997,.37883601,1905,0,1,53,0,1,0,53,26
.88,.128815,3311,0,1,89,0,1,0,89,78
.93000001,0,3318,0,1,26,0,1,0,26,0
.67000002,.442099,2607,1,1,65,0,1,0,65,53
.85000002,.198019,525,0,1,65,0,1,0,65,53
.72000003,.52226597,3332,0,1,65,0,1,0,65,53
.85000002,.197879,525,0,1,53,0,1,0,53,26
.85000002,.19643199,525,0,1,75,0,1,0,75,65
.67000002,.43871999,2607,1,1,53,0,1,0,53,26
.85000002,.195224,3421,0,1,65,0,1,0,65,53
.91000003,.044477001,2101,0,1,73,0,1,0,73,65
.88,.118428,3311,0,1,78,0,1,0,78,65
.70999998,.45252001,1415,0,0,64,0,1,0,64,53
.72000003,.51607502,3332,0,1,53,0,1,0,53,26
.70999998,.45025301,1415,0,0,53,0,1,0,53,26
.67000002,.432372,2607,1,1,26,0,1,0,26,0
.74000001,.37379199,4606,0,0,78,0,1,0,78,65
.69,.381603,916,1,1,53,0,1,0,53,26
.69,.37557799,916,1,1,65,0,1,0,65,53
.75999999,.200708,3906,1,1,26,0,1,0,26,0
.80000001,.30365101,1808,0,1,90,0,1,0,90,78
.77999997,.147129,1005,1,1,53,0,1,0,53,26
.88,.103286,3311,0,1,53,0,1,0,53,26
.63,.51983303,1010,1,1,26,0,1,0,26,0
.67000002,.62438899,3009,0,1,65,0,1,0,65,53
.72000003,.408104,3402,0,0,53,0,1,0,53,26
.72000003,.49707699,3332,0,1,26,0,1,0,26,0
.88,.093578003,3311,0,1,26,0,1,0,26,0
.91000003,.018466,2101,0,1,53,0,1,0,53,26
.72000003,.48969501,524,0,1,62,0,1,0,62,53
.72000003,.39700401,3402,0,0,65,0,1,0,65,53
.76999998,.36169299,701,0,1,89,0,1,0,89,78
.91000003,.01145,2101,0,1,65,0,1,0,65,53
.77999997,.12987199,1005,1,1,26,0,1,0,26,0
.69,.35419399,304,1,1,53,0,1,0,53,26
.80000001,.285467,1808,0,1,78,0,1,0,78,65
.70999998,.42025399,1415,0,0,26,0,1,0,26,0
.88,.085173003,3311,0,1,65,0,1,0,65,53
.76999998,.35743701,701,0,1,78,0,1,0,78,65
.69,.35045201,304,1,1,74,0,1,0,74,65
.69,.35043001,304,1,1,26,0,1,0,26,0
.74000001,.33997899,4606,0,0,53,0,1,0,53,26
.74000001,.33969101,4606,0,0,65,0,1,0,65,53
.72000003,.383295,3402,0,0,26,0,1,0,26,0
.73000002,.150473,910,1,0,78,0,1,0,78,65
.80000001,.26579699,1808,0,1,26,0,1,0,26,0
.72000003,.46529701,524,0,1,53,0,1,0,53,26
.73000002,.14290901,910,1,0,88,0,1,0,88,78
.85000002,.137475,525,0,1,26,0,1,0,26,0
.67000002,.57681102,3009,0,1,53,0,1,0,53,26
.75999999,.35165599,3701,0,1,72,0,1,0,72,65
.66000003,.301128,915,1,0,88,0,1,0,88,78
.69,.315373,304,1,1,65,0,1,0,65,53
.67000002,.56980997,3009,0,1,26,0,1,0,26,0
.67000002,.27122799,4206,1,0,26,0,1,0,26,0
.73000002,.32675201,3710,0,0,72,0,1,0,72,65
.81,.010682,4109,1,1,78,0,1,0,78,65
.81,.010419,4109,1,1,65,0,1,0,65,53
.77999997,.20153201,3721,0,0,72,0,1,0,72,65
.81,.007007,4109,1,1,83,0,1,0,83,78
.81,.006486,4109,1,1,53,0,1,0,53,26
.74000001,.29697901,4606,0,0,26,0,1,0,26,0
.81,.003453,2405,1,1,34,0,1,0,34,26
.74000001,.29436901,4609,0,0,89,0,1,0,89,78
.73000002,.31822699,3710,0,0,53,0,1,0,53,26
.81,.00027600001,4109,1,1,26,0,1,0,26,0
.81,0,2405,1,1,26,0,1,0,26,0
.66000003,.28361899,915,1,0,78,0,1,0,78,65
.73000002,.31196499,3710,0,0,26,0,1,0,26,0
.77999997,.18606301,3721,0,0,65,0,1,0,65,53
.80000001,.13525,3412,0,0,65,0,1,0,65,53
.75,.25641799,1412,0,0,64,0,1,0,64,53
.69999999,.470182,511,0,1,26,0,1,0,26,0
.75999999,.32036,3701,0,1,65,0,1,0,65,53
.86000001,.069799997,510,0,1,75,0,1,0,75,65
.69,.19853801,4226,1,0,61,0,1,0,61,53
.80000001,.21934301,1808,0,1,53,0,1,0,53,26
.73000002,.096112996,910,1,0,65,0,1,0,65,53
.77999997,.26646999,1905,0,1,26,0,1,0,26,0
.73000002,.093358003,910,1,0,26,0,1,0,26,0
.66000003,.354563,206,1,1,75,0,1,0,75,65
.73000002,.090333,910,1,0,53,0,1,0,53,26
.62,.454061,1009,1,1,8,0,1,0,8,0
.73000002,.29565299,3710,0,0,65,0,1,0,65,53
.75999999,.308792,4601,0,1,78,0,1,0,78,65
.74000001,.26697099,4609,0,0,78,0,1,0,78,65
.73000002,.084357001,4401,1,0,75,0,1,0,75,65
.77999997,.16520201,3721,0,0,53,0,1,0,53,26
.76999998,.279331,701,0,1,53,0,1,0,53,26
.76999998,.27895099,701,0,1,65,0,1,0,65,53
.70999998,.129962,913,1,0,78,0,1,0,78,65
.74000001,.34784299,2208,0,1,41,0,1,0,41,26
.74000001,.25692999,1704,0,0,62,0,1,0,62,53
.86000001,.046225,3306,0,1,78,0,1,0,78,65
.86000001,.043653,510,0,1,53,0,1,0,53,26
.86000001,.041460998,3306,0,1,89,0,1,0,89,78
.75999999,.289626,3403,0,1,71,0,1,0,71,65
.77999997,.15007199,3721,0,0,26,0,1,0,26,0
.75999999,.28819799,4601,0,1,89,0,1,0,89,78
.80000001,.187856,1808,0,1,65,0,1,0,65,53
.75999999,.28753299,3403,0,1,53,0,1,0,53,26
.86000001,.034221999,3306,0,1,65,0,1,0,65,57
.80000001,.093978003,3412,0,0,53,0,1,0,53,26
.73000002,.060495999,4401,1,0,53,0,1,0,53,26
.68000001,.48001701,507,0,1,53,0,1,0,53,26
.69,.15901899,4226,1,0,53,0,1,0,53,26
.74000001,.32939601,2208,0,1,26,0,1,0,26,0
.80000001,.089762002,3412,0,0,26,0,1,0,26,0
.70999998,.10729,913,1,0,65,0,1,0,65,53
.68000001,.47742301,507,0,1,63,0,1,0,63,53
.83999997,.077462003,3317,0,1,53,0,1,0,53,26
.63,.39457199,4409,1,1,76,0,1,0,76,65
.70999998,.105274,913,1,0,53,0,1,0,53,26
.86000001,.024604,510,0,1,26,0,1,0,26,0
.73000002,.053328998,4401,1,0,65,0,1,0,65,53
.79000002,.198608,516,0,1,72,1,1,1,72,65
.70999998,.102256,913,1,0,88,0,1,0,88,78
.86000001,.023363,3306,0,1,57,0,1,0,57,26
.75999999,.27282599,3403,0,1,65,0,1,0,65,53
.86000001,.020780999,510,0,1,65,0,1,0,65,53
.74000001,.230295,1704,0,0,53,0,1,0,53,26
.74000001,.229634,4609,0,0,65,0,1,0,65,53
.73000002,.342998,506,0,1,63,0,1,0,63,53
.66000003,.31134999,206,1,1,53,0,1,0,53,26
.86000001,.018061001,3306,0,1,26,0,1,0,26,0
.83999997,.067521997,3317,0,1,65,0,1,0,65,53
.66000003,.31018499,206,1,1,65,0,1,0,65,53
.72000003,.27634901,2105,0,0,82,0,1,0,82,78
.68000001,.464268,507,0,1,26,0,1,0,26,0
.74000001,.223555,3321,0,0,78,0,1,0,78,65
.73000002,.33738899,3506,0,1,87,0,1,0,87,78
.75999999,.262483,3403,0,1,26,0,1,0,26,0
.83999997,.061407998,3317,0,1,71,0,1,0,71,65
.72000003,.36047801,2108,0,1,84,1,1,1,84,81
.68000001,.164708,4410,1,0,73,0,1,0,73,65
.73000002,.039778002,4401,1,0,26,0,1,0,26,0
.72000003,.26902199,2105,0,0,78,0,1,0,78,65
.75999999,.258472,3701,0,1,53,0,1,0,53,26
.73000002,.33207199,3506,0,1,78,0,1,0,78,65
.69,.136042,4226,1,0,26,0,1,0,26,0
.69,.22542299,3905,1,1,65,0,1,0,65,53
.69,.224757,3905,1,1,53,0,1,0,53,26
.64999998,.322088,2601,1,1,57,0,1,0,57,53
.75999999,.249424,4601,0,1,65,0,1,0,65,53
.63,.277356,3901,1,0,74,0,1,0,74,65
.64999998,.42987999,3305,0,0,74,0,1,0,74,65
.75,.17990901,3005,0,0,75,0,1,0,75,65
.76999998,.218713,3010,0,1,75,0,1,0,75,65
.74000001,.203462,4504,0,0,78,0,1,0,78,65
.79000002,.167969,516,0,1,26,0,1,0,26,0
.74000001,.20130301,4609,0,0,53,0,1,0,53,26
.74000001,.201121,4504,0,0,90,0,1,0,90,78
.73000002,.315483,506,0,1,53,0,1,0,53,26
.79000002,.16497,516,0,1,65,0,1,0,65,53
.74000001,.1997,4504,0,0,65,0,1,0,65,53
.64999998,.218263,2609,1,0,71,0,1,0,71,65
.74000001,.198838,3321,0,0,89,0,1,0,89,78
.66000003,.281977,206,1,1,26,0,1,0,26,0
.69,.206062,916,1,1,26,0,1,0,26,0
.63,.355656,4409,1,1,65,0,1,0,65,53
.83999997,.037590001,3317,0,1,26,0,1,0,26,0
.72000003,.336092,1903,0,1,78,0,1,0,78,65
.70999998,.36100999,1204,0,1,75,0,1,0,75,65
.72000003,.24574,2105,0,0,65,0,1,0,65,53
.72000003,.33450499,2108,0,1,81,0,1,0,81,65
.66000003,.187719,915,1,0,65,0,1,0,65,53
.66000003,.187133,915,1,0,53,0,1,0,53,26
.75999999,.23051,4601,0,1,53,0,1,0,53,26
.77999997,.090786003,3416,0,0,26,0,1,0,26,0
.63,.25866899,3901,1,0,65,0,1,0,65,53
.75999999,.22948501,505,0,1,61,0,1,0,61,53
.77999997,.089918002,3416,0,0,53,0,1,0,53,26
.64999998,.297227,2601,1,1,53,0,1,0,53,26
.70999998,.35304201,1204,0,1,65,0,1,0,65,53
.83999997,.02868,1805,0,1,26,0,1,0,26,0
.73000002,.213442,1406,0,0,64,0,1,0,64,53
.70999998,.35195899,2304,0,1,71,0,1,0,71,65
.73000002,.21257199,1406,0,0,53,0,1,0,53,26
.77999997,.087079003,3416,0,0,65,0,1,0,65,53
.64999998,.29463601,2601,1,1,26,0,1,0,26,0
.83999997,.026411001,1805,0,1,53,0,1,0,53,26
.72000003,.234657,2105,0,0,53,0,1,0,53,26
.77999997,.083796002,3416,0,0,67,0,1,0,67,65
.79000002,.147037,516,0,1,53,0,1,0,53,26
.77999997,.17178901,3714,0,1,26,0,1,0,26,0
.73000002,.296078,3506,0,1,65,0,1,0,65,53
.73000002,.090218,203,1,1,61,0,1,0,61,53
.69999999,.37081999,2700,0,1,66,0,1,0,66,65
.75,.15660501,3005,0,0,65,0,1,0,65,53
.70999998,.34486401,1204,0,1,53,0,1,0,53,26
.68000001,.41878,1904,0,1,78,0,1,0,78,65
.74000001,.178396,1704,0,0,26,0,1,0,26,0
.68000001,.41659299,1904,0,1,86,0,1,0,86,78
.66000003,.37691101,3713,0,0,68,0,1,0,68,65
.75,.150079,3005,0,0,53,0,1,0,53,26
.83999997,.014765,1805,0,1,62,1,1,1,62,53
.69,.18275,3905,1,1,26,0,1,0,26,0
.67000002,.142535,4222,1,0,63,0,1,0,63,53
.69,.18203799,3905,1,1,76,0,1,0,76,65
.72000003,.312893,1903,0,1,85,0,1,0,85,78
.69999999,.27229899,3011,0,0,70,0,1,0,70,65
.72000003,.31151199,2108,0,1,65,0,1,0,65,53
.63,.240659,3901,1,0,53,0,1,0,53,26
.77999997,.161569,3714,0,1,72,0,1,0,72,65
.76999998,.186226,3010,0,1,65,0,1,0,65,53
.73000002,.285427,3103,0,1,64,0,1,0,64,53
.74000001,.169717,4504,0,0,53,0,1,0,53,26
.74000001,.166192,4609,0,0,26,0,1,0,26,0
.73000002,.072089002,203,1,1,53,0,1,0,53,26
.81999999,.052728999,3420,0,1,71,0,1,0,71,61
.70999998,.32576799,2304,0,1,65,0,1,0,65,53
.77999997,.15001801,3714,0,1,53,0,1,0,53,26
.77999997,.149974,3714,0,1,65,0,1,0,65,53
.69,.37395999,3601,0,1,53,0,1,0,53,26
.74000001,.15779001,3321,0,0,26,0,1,0,26,0
.74000001,.157272,4504,0,0,26,0,1,0,26,0
.73000002,.27162299,3103,0,1,53,0,1,0,53,26
.73000002,.271272,3506,0,1,53,0,1,0,53,26
.72000003,.29502901,2108,0,1,53,0,1,0,53,26
.81,.068177998,3409,0,1,71,0,1,0,71,65
.70999998,.31724399,2304,0,1,53,0,1,0,53,26
.73000002,.177442,1406,0,0,26,0,1,0,26,0
.81999999,.039048001,3420,0,1,53,0,1,0,53,26
.70999998,.016827,913,1,0,26,0,1,0,26,0
.74000001,.147815,3321,0,0,53,0,1,0,53,26
.67000002,.11613,4222,1,0,53,0,1,0,53,26
.68000001,.090327002,4410,1,0,65,0,1,0,65,53
.64999998,.16496401,2609,1,0,65,0,1,0,65,53
.72000003,.19549701,1506,0,0,35,0,1,0,35,26
.73000002,.259904,3506,0,1,26,0,1,0,26,0
.74000001,.144705,3321,0,0,65,0,1,0,65,53
.66000003,.342801,706,0,0,78,0,1,0,78,65
.73000002,.25601101,506,0,1,26,0,1,0,26,0
.72000003,.189518,2105,0,0,26,0,1,0,26,0
.70999998,.303606,1204,0,1,26,0,1,0,26,0
.69,.26134601,4608,0,0,35,1,1,1,35,26
.81999999,.026462,3420,0,1,61,0,1,0,61,53
.75,.11155,1412,0,0,53,0,1,0,53,26
.64999998,.153956,2609,1,0,53,0,1,0,53,26
.75,.11029,1412,0,0,26,0,1,0,26,0
.69999999,.323259,2700,0,1,53,0,1,0,53,26
.69999999,.231089,4508,0,0,82,0,1,0,82,78
.68000001,.075094,4410,1,0,53,0,1,0,53,26
.75,.105355,3415,0,0,67,0,1,0,67,65
.76999998,.143224,1501,0,1,63,1,1,1,63,53
.75,.103009,605,0,0,79,0,1,0,79,78
.72000003,.267304,1903,0,1,65,0,1,0,65,53
.70999998,.20129199,520,0,0,75,0,1,0,75,65
.81999999,.016241999,3420,0,1,26,0,1,0,26,0
.68000001,.069881,4410,1,0,26,0,1,0,26,0
.76999998,.14058299,701,0,1,26,0,1,0,26,0
.76999998,.13938101,3418,0,1,53,0,1,0,53,26
.76999998,.13935199,3418,0,1,71,0,1,0,71,65
.61000001,.53785801,3302,0,1,78,0,1,0,78,65
.69999999,.31330001,526,0,1,53,0,1,0,53,26
.67000002,.092187002,4219,1,0,53,0,1,0,53,26
.72000003,.173236,1506,0,0,26,0,1,0,26,0
.69999999,.223125,4508,0,0,78,0,1,0,78,65
.61000001,.53667301,3302,0,1,89,0,1,0,89,78
.73000002,.030152,203,1,1,26,0,1,0,26,0
.75,.096399002,3005,0,0,26,0,1,0,26,0
.69,.335123,3601,0,1,65,0,1,0,65,53
.67000002,.089607999,4219,1,0,63,0,1,0,63,53
.72000003,.259783,2204,0,1,70,0,1,0,70,65
.76999998,.1345,3418,0,1,65,0,1,0,65,53
.63,.188428,3901,1,0,26,0,1,0,26,0
.81,.034658998,3409,0,1,65,0,1,0,65,53
.81,.033199001,3409,0,1,26,0,1,0,26,0
.73000002,.23255201,3103,0,1,26,0,1,0,26,0
.69999999,.30734101,526,0,1,65,0,1,0,65,53
.76999998,.132478,3010,0,1,53,0,1,0,53,26
.76999998,.132341,3010,0,1,26,0,1,0,26,0
.70999998,.192105,543,0,0,75,0,1,0,75,65
.67000002,.17520501,207,1,1,68,0,1,0,68,65
.76999998,.130934,3418,0,1,26,0,1,0,26,0
.72000003,.25563201,524,0,1,26,0,1,0,26,0
.66000003,.19889399,4204,1,1,53,0,1,0,53,26
.69999999,.304903,2700,0,1,65,0,1,0,65,53
.81,.028919,3409,0,1,53,0,1,0,53,26
.64999998,.33772901,3305,0,0,53,0,1,0,53,26
.70999998,.187683,520,0,0,53,0,1,0,53,26
.72000003,.25195599,1903,0,1,53,0,1,0,53,26
.81999999,.001932,1402,0,1,64,0,1,0,64,53
.64999998,.13065401,2609,1,0,26,0,1,0,26,0
.67000002,.37507799,4506,0,1,78,0,1,0,78,65
.76999998,.12554701,1501,0,1,53,0,1,0,53,26
.75,.085795999,605,0,0,65,0,1,0,65,53
.81999999,.000611,1402,0,1,53,0,1,0,53,26
.64999998,.33482501,3305,0,0,65,0,1,0,65,53
.81999999,.000014,1402,0,1,26,0,1,0,26,0
.75,.084053002,605,0,0,78,0,1,0,78,65
.67000002,.077698998,4222,1,0,26,0,1,0,26,0
.64999998,.33341399,3305,0,0,26,0,1,0,26,0
.63999999,.44730499,1419,0,1,46,0,1,0,46,26
.72000003,.24721301,509,0,1,55,0,1,0,55,53
.72000003,.24714901,2205,0,1,12,0,1,0,12,0
.69999999,.207072,3322,0,0,78,0,1,0,78,65
.67000002,.16453101,207,1,1,65,0,1,0,65,53
.70999998,.26984599,2304,0,1,26,0,1,0,26,0
.67000002,.36852601,513,0,1,53,0,1,0,53,26
.72000003,.24319801,509,0,1,53,0,1,0,53,26
.80000001,.043524999,1802,0,1,53,0,1,0,53,26
.66000003,.18600801,4204,1,1,63,0,1,0,63,53
.72000003,.24174701,2108,0,1,26,0,1,0,26,0
.75999999,.139962,4507,0,1,78,0,1,0,78,65
.66000003,.29938501,3713,0,0,65,0,1,0,65,53
.75,.074721999,605,0,0,26,0,1,0,26,0
.75999999,.138475,4601,0,1,26,0,1,0,26,0
.67000002,.36049601,3014,0,1,75,0,1,0,75,65
.67000002,.36025101,513,0,1,75,0,1,0,75,65
.80000001,.034582999,1802,0,1,26,0,1,0,26,0
.69999999,.192983,3011,0,0,26,0,1,0,26,0
.70999998,.050971001,4212,1,1,61,0,1,0,61,53
.75,.066886999,3415,0,0,65,0,1,0,65,53
.70999998,.166583,543,0,0,53,0,1,0,53,26
.75,.066643,605,0,0,53,0,1,0,53,26
.70999998,.166366,1902,0,0,89,0,1,0,89,78
.69999999,.28040799,2201,0,1,53,0,1,0,53,26
.76999998,.016294001,3719,0,0,72,0,1,0,72,65
.72000003,.140567,1410,0,0,64,0,1,0,64,53
.70999998,.16549,543,0,0,26,0,1,0,26,0
.75,.065637998,3415,0,0,53,0,1,0,53,26
.80000001,.028982,1802,0,1,78,0,1,0,78,65
.70999998,.163551,520,0,0,26,0,1,0,26,0
.76999998,.103055,1501,0,1,26,0,1,0,26,0
.73000002,.113116,1414,0,0,64,0,1,0,64,53
.70999998,.162266,704,0,0,81,0,1,0,81,65
.72000003,.136517,1410,0,0,53,0,1,0,53,26
.75,.060672998,3326,0,0,26,0,1,0,26,0
.76999998,.010735,3719,0,0,53,0,1,0,53,26
.75,.060281001,3326,0,0,53,0,1,0,53,26
.69999999,.27430901,526,0,1,75,0,1,0,75,65
.70999998,.158756,520,0,0,65,0,1,0,65,53
.80000001,.023241,1802,0,1,90,0,1,0,90,78
.76999998,.0077320002,3719,0,0,65,0,1,0,65,53
.66000003,.076127,915,1,0,26,0,1,0,26,0
.69999999,.271355,2201,0,1,78,0,1,0,78,65
.70999998,.15674201,543,0,0,65,0,1,0,65,53
.72000003,.13173001,3324,0,0,46,0,1,0,46,26
.69999999,.065181002,4220,1,1,53,0,1,0,53,26
.75,.056632999,3326,0,0,65,0,1,0,65,53
.63999999,.42002299,1419,0,1,26,0,1,0,26,0
.75999999,.120638,3701,0,1,26,0,1,0,26,0
.75,.055039,3326,0,0,78,0,1,0,78,65
.73000002,.104534,1414,0,0,53,0,1,0,53,26
.69999999,.268646,2201,0,1,65,0,1,0,65,53
.69999999,.178615,3011,0,0,65,0,1,0,65,53
.67000002,.047518998,4219,1,0,26,0,1,0,26,0
.73000002,.10345,1414,0,0,26,0,1,0,26,0
.69999999,.267277,2117,0,1,84,0,1,0,84,78
.72000003,.21624599,2204,0,1,65,0,1,0,65,53
.76999998,.001608,3719,0,0,26,0,1,0,26,0
.75999999,.115419,528,0,1,67,0,1,0,67,65
.69999999,.264406,2201,0,1,89,0,1,0,89,78
.72000003,.21450301,2204,0,1,53,0,1,0,53,26
.72000003,.124918,3324,0,0,26,0,1,0,26,0
.63,.23290201,4409,1,1,53,0,1,0,53,26
.69999999,.058065001,4220,1,1,63,0,1,0,63,53
.69999999,.26325899,2305,0,1,84,0,1,0,84,78
.69,.198073,4608,0,0,26,0,1,0,26,0
.60000002,.30616301,4205,1,1,31,1,1,1,31,26
.75,.048025999,3326,0,0,89,0,1,0,89,78
.80000001,.011808,1802,0,1,65,0,1,0,65,53
.72000003,.20902701,509,0,1,26,0,1,0,26,0
.70999998,.144495,3410,0,0,71,0,1,0,71,65
.67000002,.33374801,513,0,1,26,0,1,0,26,0
.69999999,.168001,3011,0,0,53,0,1,0,53,26
.67000002,.331947,513,0,1,65,0,1,0,65,53
.61000001,.48123601,4704,0,1,53,0,1,0,53,26
.67000002,.12527101,207,1,1,53,0,1,0,53,26
.72000003,.116176,1410,0,0,26,0,1,0,26,0
.61000001,.47923699,4704,0,1,56,0,1,0,56,53
.69999999,.25395599,2700,0,1,26,0,1,0,26,0
.69999999,.16445599,3322,0,0,65,0,1,0,65,53
.69999999,.25388601,2117,0,1,78,0,1,0,78,65
.69,.18873499,3013,0,0,6,1,1,1,6,0
.66000003,.147085,901,1,1,66,0,1,0,66,65
.61000001,.47681701,3302,0,1,65,0,1,0,65,53
.66000003,.26256299,706,0,0,83,1,1,1,83,78
.69999999,.162103,3322,0,0,89,1,1,1,89,78
.67000002,.120335,1001,1,1,70,0,1,0,70,65
.74000001,.061875001,545,0,0,26,0,1,0,26,0
.66000003,.26084599,3713,0,0,53,0,1,0,53,26
.61000001,.47475499,3302,0,1,26,0,1,0,26,0
.69,.274959,601,0,1,55,0,1,0,55,53
.68000001,.210144,403,0,0,75,0,1,0,75,65
.68000001,.299413,1904,0,1,65,0,1,0,65,53
.69,.182124,521,0,0,26,0,1,0,26,0
.70999998,.015703,4212,1,1,26,0,1,0,26,0
.73000002,.170315,1602,0,1,54,0,1,0,54,53
.69999999,.155371,2104,0,0,59,0,1,0,59,53
.63999999,.188087,1007,1,1,43,0,1,0,43,26
.74000001,.054852001,3406,0,0,71,0,1,0,71,65
.69999999,.15354601,3322,0,0,53,0,1,0,53,26
.66000003,.251912,3713,0,0,26,0,1,0,26,0
.61000001,.465978,4704,0,1,26,0,1,0,26,0
.66000003,.13485301,4204,1,1,26,0,1,0,26,0
.74000001,.051383998,545,0,0,53,0,1,0,53,26
.69,.265008,3413,0,1,18,0,1,0,18,0
.76999998,.065422997,3417,0,1,53,0,1,0,53,26
.72000003,.189834,2204,0,1,26,0,1,0,26,0
.69999999,.15017299,3322,0,0,26,0,1,0,26,0
.67000002,.31428,4506,0,1,53,0,1,0,53,26
.58999997,.217207,201,1,0,75,0,1,0,75,65
.69,.17300899,521,0,0,52,0,1,0,52,26
.67000002,.31090501,4506,0,1,65,0,1,0,65,53
.63999999,.179464,4223,1,1,18,0,1,0,18,0
.70999998,.120952,1902,0,0,78,0,1,0,78,65
.73000002,.070798002,539,0,0,75,1,1,1,75,65
.76999998,.060394,3417,0,1,65,0,1,0,65,53
.67000002,.102396,1001,1,1,65,0,1,0,65,53
.75,.01887,3415,0,0,26,0,1,0,26,0
.70999998,.118613,1902,0,0,53,0,1,0,53,26
.69999999,.14351501,4508,0,0,53,0,1,0,53,26
.69999999,.142809,4508,0,0,65,0,1,0,65,53
.69999999,.23215599,2117,0,1,53,0,1,0,53,26
.70999998,.001217,4212,1,1,53,0,1,0,53,26
.62,.136051,4408,1,0,26,0,1,0,26,0
.63,.200487,4409,1,1,26,0,1,0,26,0
.74000001,.131872,4703,0,1,71,0,1,0,71,65
.75999999,.081231996,505,0,1,53,0,1,0,53,26
.76999998,.056239001,3417,0,1,71,0,1,0,71,65
.69999999,.230656,2305,0,1,53,0,1,0,53,26
.69999999,.140891,2104,0,0,53,0,1,0,53,26
.69,.25529701,601,0,1,53,0,1,0,53,26
.77999997,.030270001,603,0,1,20,0,1,0,20,0
.74000001,.040539999,3406,0,0,65,0,1,0,65,53
.69999999,.22974201,2305,0,1,78,0,1,0,78,65
.69999999,.229266,2305,0,1,65,0,1,0,65,53
.70999998,.113293,3410,0,0,65,0,1,0,65,53
.75999999,.077895999,528,0,1,26,0,1,0,26,0
.70999998,.113031,704,0,0,65,0,1,0,65,53
.69999999,.137805,535,0,0,53,0,1,0,53,26
.70999998,.112273,1902,0,0,26,0,1,0,26,0
.69999999,.225427,2201,0,1,26,0,1,0,26,0
.69,.250054,601,0,1,26,0,1,0,26,0
.63,.39939401,2206,0,1,74,0,1,0,74,65
.69999999,.22436599,1804,0,1,74,0,1,0,74,65
.75999999,.074156001,528,0,1,53,0,1,0,53,26
.58999997,.20287099,201,1,0,65,0,1,0,65,53
.76999998,.049015,3417,0,1,26,0,1,0,26,0
.62,.12642901,4408,1,0,51,1,1,1,51,26
.69999999,.221439,2117,0,1,65,0,1,0,65,53
.74000001,.121635,3414,0,1,71,1,1,1,71,65
.62,.215066,4108,1,1,83,0,1,0,83,78
.63999999,.16507,1007,1,1,26,0,1,0,26,0
.67000002,.089264996,1001,1,1,53,0,1,0,53,26
.69999999,.130697,535,0,0,56,0,1,0,56,53
.70999998,.105581,3410,0,0,53,0,1,0,53,26
.73000002,.05548,3716,0,0,53,0,1,0,53,26
.73000002,.055103999,3716,0,0,65,0,1,0,65,53
.67000002,.088399999,1001,1,1,26,0,1,0,26,0
.67000002,.087587997,207,1,1,26,0,1,0,26,0
.68000001,.26824901,1904,0,1,53,0,1,0,53,26
.61000001,.44286001,4607,0,1,78,0,1,0,78,65
.61000001,.44270501,3302,0,1,53,0,1,0,53,26
.69,.242212,3601,0,1,26,0,1,0,26,0
.75999999,.067469001,528,0,1,65,0,1,0,65,53
.68000001,.176929,403,0,0,65,0,1,0,65,53
.73000002,.052118,3716,0,0,72,0,1,0,72,65
.70999998,.101982,1902,0,0,65,0,1,0,65,53
.66000003,.22581699,706,0,0,65,0,1,0,65,53
.75999999,.065805003,4507,0,1,90,0,1,0,90,78
.66000003,.225633,706,0,0,53,0,1,0,53,26
.73000002,.050855,539,0,0,26,0,1,0,26,0
.69999999,.214349,3419,0,1,71,0,1,0,71,65
.74000001,.025056001,545,0,0,65,0,1,0,65,53
.70999998,.099036001,704,0,0,53,0,1,0,53,26
.73000002,.138109,1602,0,1,53,0,1,0,53,26
.73000002,.048209999,539,0,0,65,0,1,0,65,53
.70999998,.098004997,3410,0,0,26,0,1,0,26,0
.69,.14779601,2109,0,0,74,0,1,0,74,65
.61000001,.436232,4607,0,1,80,1,1,1,80,78
.61000001,.34623,3315,0,0,76,0,1,0,76,65
.74000001,.020865001,545,0,0,75,0,1,0,75,65
.62,.20383701,4108,1,1,78,0,1,0,78,65
.75,.084532999,1906,0,1,26,0,1,0,26,0
.75999999,.057932001,4507,0,1,65,0,1,0,65,53
.69999999,.001165,4220,1,1,26,0,1,0,26,0
.72000003,.066688001,3505,0,0,80,1,1,1,80,78
.68000001,.16518,3329,0,0,53,0,1,0,53,26
.72000003,.065045998,3505,0,0,65,0,1,0,65,53
.73000002,.038741998,539,0,0,53,0,1,0,53,26
.69999999,.112421,4508,0,0,26,0,1,0,26,0
.72000003,.061326999,3505,0,0,78,0,1,0,78,65
.75999999,.050581999,4507,0,1,53,0,1,0,53,26
.69999999,.109981,535,0,0,26,0,1,0,26,0
.72000003,.059927002,3505,0,0,53,0,1,0,53,26
.69,.133864,2109,0,0,53,0,1,0,53,26
.66000003,.092087999,901,1,1,65,0,1,0,65,53
.75999999,.048106,505,0,1,26,0,1,0,26,0
.68000001,.158136,3329,0,0,89,0,1,0,89,78
.72000003,.057985999,401,0,0,65,0,1,0,65,53
.62,.18880101,4108,1,1,65,0,1,0,65,53
.73000002,.030471999,3716,0,0,26,0,1,0,26,0
.74000001,.0053329999,3406,0,0,53,0,1,0,53,26
.73000002,.118818,1602,0,1,26,0,1,0,26,0
.74000001,.0041209999,3406,0,0,26,0,1,0,26,0
.74000001,.092533998,4703,0,1,65,0,1,0,65,53
.67000002,.26204199,4506,0,1,26,0,1,0,26,0
.75,.062334001,2107,0,1,78,0,1,0,78,65
.66000003,.080789,901,1,1,53,0,1,0,53,26
.72000003,.047403,401,0,0,78,0,1,0,78,65
.75,.061305001,1906,0,1,53,0,1,0,53,26
.74000001,.085152999,3414,0,1,65,0,1,0,65,53
.69999999,.094633996,2104,0,0,26,0,1,0,26,0
.66000003,.077965997,901,1,1,26,0,1,0,26,0
.69,.119503,2109,0,0,26,0,1,0,26,0
.73000002,.019146999,1603,0,0,53,0,1,0,53,26
.69999999,.18207601,3419,0,1,26,0,1,0,26,0
.69999999,.18144301,3419,0,1,65,0,1,0,65,53
.69999999,.180503,1509,0,1,71,0,1,0,71,65
.74000001,.079977997,4703,0,1,53,0,1,0,53,26
.73000002,.015407,1603,0,0,65,0,1,0,65,53
.58999997,.15857001,201,1,0,53,0,1,0,53,26
.68000001,.13941,3329,0,0,65,0,1,0,65,53
.73000002,.014001,1603,0,0,73,0,1,0,73,65
.74000001,.078502998,4701,0,1,24,0,1,0,24,0
.67000002,.25186801,3014,0,1,53,0,1,0,53,26
.72000003,.037369002,3505,0,0,26,0,1,0,26,0
.70999998,.14775001,3604,0,1,72,0,1,0,72,65
.69999999,.082337998,1413,0,0,53,0,1,0,53,26
.68000001,.132232,403,0,0,26,0,1,0,26,0
.69,.107272,2109,0,0,65,0,1,0,65,53
.69,.196702,3704,0,1,72,0,1,0,72,65
.67000002,.24627,4506,0,1,90,0,1,0,90,78
.73000002,.0070659998,1603,0,0,26,0,1,0,26,0
.69999999,.171032,1804,0,1,65,0,1,0,65,53
.69999999,.170909,1509,0,1,65,0,1,0,65,53
.69999999,.170909,3419,0,1,53,0,1,0,53,26
.68000001,.131034,403,0,0,53,0,1,0,53,26
.69999999,.170441,2305,0,1,26,0,1,0,26,0
.68000001,.130777,3329,0,0,78,0,1,0,78,65
.63,.34498,2206,0,1,65,0,1,0,65,53
.69999999,.079728998,1413,0,0,64,0,1,0,64,53
.68000001,.129186,4603,0,0,67,0,1,0,67,65
.67000002,.24339999,3014,0,1,65,0,1,0,65,53
.68000001,.12610599,3329,0,0,26,0,1,0,26,0
.58999997,.142588,201,1,0,26,0,1,0,26,0
.61000001,.29799801,3315,0,0,65,0,1,0,65,53
.74000001,.063026004,4703,0,1,26,0,1,0,26,0
.73000002,.087732002,402,0,1,71,0,1,0,71,65
.62,.15330499,4108,1,1,53,0,1,0,53,26
.70999998,.044091001,517,0,0,19,0,1,0,19,0
.74000001,.058531001,3414,0,1,26,0,1,0,26,0
.75999999,.0078360001,4507,0,1,26,0,1,0,26,0
.68000001,.206525,1420,0,1,47,0,1,0,47,26
.69,.181189,3704,0,1,53,0,1,0,53,26
.69,.180454,3704,0,1,65,0,1,0,65,53
.72000003,.015541,401,0,0,53,0,1,0,53,26
.75,.029902,2107,0,1,84,0,1,0,84,78
.69999999,.064759001,1413,0,0,26,0,1,0,26,0
.73000002,.075879,402,0,1,53,0,1,0,53,26
.72000003,.011031,401,0,0,26,0,1,0,26,0
.70999998,.035873,704,0,0,26,0,1,0,26,0
.74000001,.050446998,3414,0,1,53,0,1,0,53,26
.62,.053847,2606,1,0,58,0,1,0,58,53
.72000003,.010157,401,0,0,89,0,1,0,89,78
.75,.024651,2107,0,1,65,0,1,0,65,53
.69999999,.148976,2117,0,1,26,0,1,0,26,0
.75,.024011999,1906,0,1,63,0,1,0,63,53
.66000003,.24703699,1409,0,1,53,0,1,0,53,26
.73000002,.069753997,402,0,1,65,0,1,0,65,53
.68000001,.194004,1420,0,1,26,0,1,0,26,0
.69,.16806801,3704,0,1,26,0,1,0,26,0
.63,.109767,4406,1,1,65,0,1,0,65,53
.61000001,.36432299,4607,0,1,65,0,1,0,65,53
.75,.014626,2107,0,1,53,0,1,0,53,26
.69,.162063,1806,0,1,78,0,1,0,78,65
.63,.310976,2206,0,1,53,0,1,0,53,26
.62,.039997999,2606,1,0,53,0,1,0,53,26
.69999999,.135217,1509,0,1,53,0,1,0,53,26
.68000001,.18455701,1904,0,1,26,0,1,0,26,0
.63999999,.078106001,2402,1,1,75,0,1,0,75,65
.70999998,.109065,3604,0,1,65,0,1,0,65,53
.63999999,.28208199,4605,0,1,80,0,1,0,80,78
.63,.100206,4406,1,1,76,0,1,0,76,65
.67000002,.205651,2309,0,1,66,0,1,0,66,65
.70999998,.10552,3604,0,1,53,0,1,0,53,26
.66000003,.13989399,541,0,0,1,0,1,0,1,0
.68000001,.089133002,4603,0,0,53,0,1,0,53,26
.66000003,.139028,706,0,0,26,0,1,0,26,0
.70999998,.103248,4000,0,1,24,1,1,1,24,0
.63999999,.071497999,2402,1,1,65,0,1,0,65,53
.75,.00151,2107,0,1,26,0,1,0,26,0
.64999998,.250664,3002,0,1,75,0,1,0,75,65
.61000001,.054673001,2610,1,0,63,0,1,0,63,53
.73000002,.050310999,402,0,1,26,0,1,0,26,0
.69999999,.122667,1804,0,1,53,0,1,0,53,26
.69,.14731801,1806,0,1,65,0,1,0,65,53
.61000001,.048691001,2610,1,0,53,0,1,0,53,26
.69999999,.118807,1509,0,1,26,0,1,0,26,0
.62,.021795999,2606,1,0,26,0,1,0,26,0
.69,.14091299,1806,0,1,79,0,1,0,79,78
.72000003,.064011,1903,0,1,26,0,1,0,26,0
.68000001,.070211001,4603,0,0,65,0,1,0,65,53
.56,.162974,4102,1,0,83,0,1,0,83,78
.61000001,.243935,3315,0,0,53,0,1,0,53,26
.69999999,.108397,526,0,1,26,0,1,0,26,0
.68000001,.06724,4603,0,0,26,0,1,0,26,0
.70999998,.081404999,2301,0,1,26,0,1,0,26,0
.63,.280875,2206,0,1,26,0,1,0,26,0
.61000001,.034662001,2610,1,0,26,0,1,0,26,0
.60000002,.14774901,4402,1,1,76,0,1,0,76,65
.70999998,.078833997,2301,0,1,71,0,1,0,71,65
.63999999,.252754,4605,0,1,78,0,1,0,78,65
.56999999,.22133601,4103,1,1,78,0,1,0,78,65
.69,.127525,518,0,1,75,0,1,0,75,65
.70999998,.077473998,3604,0,1,26,0,1,0,26,0
.67000002,.175871,2309,0,1,65,0,1,0,65,53
.56999999,.21890099,4103,1,1,83,0,1,0,83,78
.69999999,.098582998,1804,0,1,26,0,1,0,26,0
.70999998,.071878001,2301,0,1,53,0,1,0,53,26
.50999999,.478374,512,0,0,75,0,1,0,75,65
.62,.086925998,4201,1,1,49,0,1,0,49,26
.67000002,.167088,3014,0,1,26,0,1,0,26,0
.66000003,.101311,2302,0,0,35,0,1,0,35,26
.62,.20076101,1908,0,0,89,0,1,0,89,78
.56999999,.32499501,2202,0,0,78,0,1,0,78,65
.58999997,.275042,2306,0,0,75,0,1,0,75,65
.62,.28521401,2114,0,1,84,0,1,0,84,78
.56999999,.31879699,2202,0,0,53,0,1,0,53,26
.61000001,.30718201,4607,0,1,53,0,1,0,53,26
.63,.051391002,4406,1,1,53,0,1,0,53,26
.70999998,.057195,2301,0,1,65,0,1,0,65,53
.56,.134491,4102,1,0,78,0,1,0,78,65
.69,.105162,1806,0,1,26,0,1,0,26,0
.67000002,.063366003,405,0,0,89,0,1,0,89,78
.64999998,.112127,3004,0,0,61,0,1,0,61,53
.58999997,.261428,2306,0,0,65,0,1,0,65,53
.69,.101175,518,0,1,53,0,1,0,53,26
.63999999,.13640299,1206,0,0,72,0,1,0,72,65
.69,.097747996,1806,0,1,53,0,1,0,53,26
.67000002,.146382,2309,0,1,53,0,1,0,53,26
.63,.246004,1604,0,1,84,0,1,0,84,78
.69,.096139997,518,0,1,26,0,1,0,26,0
.58999997,.25581601,2306,0,0,53,0,1,0,53,26
.66000003,.081064001,2801,0,0,38,0,1,0,38,26
.62,.17822701,3602,0,0,72,0,1,0,72,65
.62,.178187,1908,0,0,78,0,1,0,78,65
.56999999,.30112401,2202,0,0,65,0,1,0,65,53
.69,.090554997,518,0,1,65,0,1,0,65,53
.63,.239921,1604,0,1,78,0,1,0,78,65
.64999998,.189916,3002,0,1,65,0,1,0,65,53
.67000002,.049520999,3707,0,0,21,0,1,0,21,0
.62,.17357101,3602,0,0,65,0,1,0,65,53
.63,.03215,4406,1,1,26,0,1,0,26,0
.62,.262568,2114,0,1,78,0,1,0,78,65
.56999999,.29715699,2202,0,0,80,0,1,0,80,78
.64999998,.18661299,3002,0,1,53,0,1,0,53,26
.63999999,.0022,2402,1,1,53,0,1,0,53,26
.67000002,.042633999,405,0,0,78,0,1,0,78,65
.63999999,.00069000002,2402,1,1,26,0,1,0,26,0
.67000002,.13125201,800,0,1,75,0,1,0,75,65
.66000003,.066319004,2002,0,0,54,1,1,1,54,53
.66000003,.152913,532,0,1,26,0,1,0,26,0
.63,.13824201,1205,0,0,36,0,1,0,36,26
.5,.55193299,3320,0,1,82,0,1,0,82,78
.66000003,.062913999,2801,0,0,26,0,1,0,26,0
.57999998,.055826999,1006,1,0,5,0,1,0,5,0
.62,.161146,3723,0,0,70,0,1,0,70,65
.64999998,.085063003,3004,0,0,53,0,1,0,53,26
.62,.042982001,4201,1,1,26,0,1,0,26,0
.62,.248565,2303,0,1,53,0,1,0,53,26
.56999999,.28366399,2202,0,0,26,0,1,0,26,0
.63,.223418,2115,0,1,53,0,1,0,53,26
.66000003,.14726,532,0,1,39,0,1,0,39,26
.64999998,.082604997,3004,0,0,26,0,1,0,26,0
.64999998,.171363,3002,0,1,26,0,1,0,26,0
.62,.24585401,2114,0,1,65,0,1,0,65,53
.60000002,0,918,1,0,23,0,1,0,23,0
.66000003,.056015,2002,0,0,53,0,1,0,53,26
.56,.098819003,4102,1,0,65,0,1,0,65,53
.62,.24445701,2303,0,1,65,0,1,0,65,53
.70999998,.018851001,531,0,1,65,0,1,0,65,53
.67000002,.027791999,540,0,0,53,0,1,0,53,26
.63999999,.102249,542,0,0,53,0,1,0,53,26
.63999999,.190777,1411,0,1,53,1,1,1,53,26
.67000002,.115308,2309,0,1,26,0,1,0,26,0
.62,.033771999,4108,1,1,26,0,1,0,26,0
.63,.214049,2115,0,1,26,0,1,0,26,0
.60000002,.081270002,4402,1,1,53,0,1,0,53,26
.70999998,.011425,531,0,1,26,0,1,0,26,0
.67000002,.021153999,405,0,0,65,0,1,0,65,53
.63,.120785,606,0,0,85,0,1,0,85,78
.63999999,.095051996,542,0,0,65,0,1,0,65,53
.60000002,.077909,4402,1,1,65,0,1,0,65,53
.67000002,.018468,405,0,0,26,0,1,0,26,0
.62,.14229999,1908,0,0,65,0,1,0,65,53
.67000002,.017013,405,0,0,53,0,1,0,53,26
.56999999,.14994,4103,1,1,65,0,1,0,65,53
.70999998,.0057270001,531,0,1,53,0,1,0,53,26
.62,.14014,3602,0,0,53,0,1,0,53,26
.52999997,.247447,3903,1,1,61,0,1,0,61,53
.52999997,.15750401,906,1,0,70,0,1,0,70,65
.61000001,.047226999,1002,1,1,76,0,1,0,76,65
.63,.11333,606,0,0,78,0,1,0,78,65
.66000003,.037537001,2302,0,0,26,0,1,0,26,0
.67000002,.012109,540,0,0,26,0,1,0,26,0
.70999998,.00092100003,531,0,1,75,1,1,1,75,65
.63,.200449,2115,0,1,59,0,1,0,59,53
.56999999,.144125,4103,1,1,53,0,1,0,53,26
.63999999,.17394,4605,0,1,65,0,1,0,65,53
.62,.223333,2114,0,1,53,0,1,0,53,26
.67000002,.0090840003,540,0,0,64,0,1,0,64,53
.63999999,.17269,3502,0,1,78,0,1,0,78,65
.63999999,.082624003,1206,0,0,65,0,1,0,65,53
.61000001,.157323,3315,0,0,26,0,1,0,26,0
.62,.131295,3723,0,0,65,0,1,0,65,53
.63,.103243,1205,0,0,26,0,1,0,26,0
.61000001,.035402,1002,1,1,65,0,1,0,65,53
.62,.126728,3723,0,0,53,0,1,0,53,26
.63999999,.073880002,542,0,0,71,0,1,0,71,65
.57999998,.106009,2604,1,1,58,0,1,0,58,53
.66000003,.11032,1409,0,1,26,0,1,0,26,0
.63,.184201,534,0,1,26,0,1,0,26,0
.61000001,.23268799,4607,0,1,26,0,1,0,26,0
.66000003,.017394001,2002,0,0,26,0,1,0,26,0
.62,.114928,1908,0,0,53,0,1,0,53,26
.63999999,.064116001,1206,0,0,53,0,1,0,53,26
.52999997,.132503,906,1,0,65,0,1,0,65,53
.69,.026938999,1703,0,1,26,0,1,0,26,0
.61000001,.22604901,3411,0,1,61,0,1,0,61,53
.63,.17578501,534,0,1,53,0,1,0,53,26
.67000002,.075753003,800,0,1,26,0,1,0,26,0
.63,.085001998,606,0,0,65,0,1,0,65,53
.63999999,.148279,1411,0,1,26,0,1,0,26,0
.63999999,.058687001,542,0,0,26,0,1,0,26,0
.60000002,.042027,4402,1,1,26,0,1,0,26,0
.63,.172912,534,0,1,61,0,1,0,61,53
.63,.081923999,606,0,0,53,0,1,0,53,26
.63999999,.055801,537,0,0,26,0,1,0,26,0
.69,.019721,1703,0,1,42,0,1,0,42,26
.51999998,.237481,2608,1,1,59,0,1,0,59,53
.51999998,.234685,2608,1,1,53,0,1,0,53,26
.63999999,.138743,4605,0,1,53,0,1,0,53,26
.60000002,.031222001,1004,1,1,10,1,1,1,10,0
.62,.186876,2303,0,1,66,1,1,1,66,65
.56,.040274002,4102,1,0,53,0,1,0,53,26
.62,.185496,2114,0,1,26,0,1,0,26,0
.67000002,.059684001,800,0,1,53,0,1,0,53,26
.52999997,.31926301,3331,0,0,80,0,1,0,80,78
.61000001,.002934,1002,1,1,26,0,1,0,26,0
.63999999,.044039998,537,0,0,53,0,1,0,53,26
.61000001,.002325,1002,1,1,53,0,1,0,53,26
.57999998,.075933002,2604,1,1,53,0,1,0,53,26
.62,.092336997,3723,0,0,26,0,1,0,26,0
.61000001,.116665,1507,0,0,71,0,1,0,71,65
.62,.089011997,3602,0,0,26,0,1,0,26,0
.61000001,.113464,1507,0,0,26,0,1,0,26,0
.58999997,.161892,2306,0,0,26,0,1,0,26,0
.63999999,.036975998,537,0,0,61,0,1,0,61,53
.52999997,.19486,3903,1,1,26,0,1,0,26,0
.67000002,.0504,800,0,1,65,0,1,0,65,53
.52999997,.103918,906,1,0,53,0,1,0,53,26
.66000003,.07412,1409,0,1,64,0,1,0,64,53
.63,.148607,3706,0,1,24,0,1,0,24,0
.61000001,.108859,1507,0,0,65,0,1,0,65,53
.56,.027590999,4102,1,0,26,0,1,0,26,0
.63999999,.028616,1206,0,0,26,0,1,0,26,0
.58999997,.150012,2111,0,0,78,0,1,0,78,65
.52999997,.183056,3903,1,1,53,0,1,0,53,26
.63,.13903201,1604,0,1,26,0,1,0,26,0
.61000001,.096291997,1507,0,0,53,0,1,0,53,26
.63999999,.10854,3502,0,1,65,0,1,0,65,53
.63,.13299499,3201,0,1,53,0,1,0,53,26
.58999997,.143085,2111,0,0,53,0,1,0,53,26
.60000002,0,4205,1,1,26,0,1,0,26,0
.63999999,.104327,3502,0,1,53,0,1,0,53,26
.63,.128425,1604,0,1,65,0,1,0,65,53
.63,.12747499,1604,0,1,53,0,1,0,53,26
.5,.449357,3320,0,1,78,0,1,0,78,65
.57999998,.16011401,502,0,0,68,0,1,0,68,65
.62,.059893001,1908,0,0,26,0,1,0,26,0
.5,.153237,904,1,0,71,0,1,0,71,65
.57999998,.042720001,2604,1,1,26,0,1,0,26,0
.67000002,.024021,1810,0,1,22,0,1,0,22,0
.63,.030529,606,0,0,26,0,1,0,26,0
.63999999,.093906999,3502,0,1,81,0,1,0,81,78
.61000001,.167108,3411,0,1,53,0,1,0,53,26
.58999997,.125341,2111,0,0,26,0,1,0,26,0
.63999999,.084738001,3502,0,1,26,0,1,0,26,0
.52999997,.062261,906,1,0,26,0,1,0,26,0
.54000002,.124945,4405,1,1,76,0,1,0,76,65
.58999997,.113041,2111,0,0,84,1,1,1,84,78
.58999997,.112727,2111,0,0,65,0,1,0,65,53
.63999999,.072447002,4605,0,1,26,0,1,0,26,0
.51999998,.164768,2608,1,1,26,0,1,0,26,0
.5,.123533,904,1,0,65,0,1,0,65,53
.61000001,.14431199,3411,0,1,26,0,1,0,26,0
.54000002,.111627,2404,1,1,65,0,1,0,65,53
.56999999,.036706999,4103,1,1,26,0,1,0,26,0
.60000002,.076109998,3405,0,0,69,0,1,0,69,65
.57999998,.214793,2106,0,1,84,0,1,0,84,78
.56999999,.239696,3303,0,1,2,0,1,0,2,0
.52999997,.246939,3331,0,0,78,0,1,0,78,65
.62,.111604,3718,0,1,12,0,1,0,12,0
.63,.083917998,1302,0,1,73,0,1,0,73,65
.66000003,.0086120004,515,0,1,26,0,1,0,26,0
.57999998,.20764101,2106,0,1,78,0,1,0,78,65
.62,.107733,1403,0,1,64,1,1,1,64,53
.58999997,.093000002,538,0,0,75,0,1,0,75,65
.57999998,.114643,502,0,0,65,0,1,0,65,53
.63,.078566998,1302,0,1,65,0,1,0,65,53
.63,.077464998,702,0,1,73,0,1,0,73,65
.5,.105406,904,1,0,53,0,1,0,53,26
.50999999,.28623599,512,0,0,65,0,1,0,65,53
.62,.010986,100,0,0,50,1,1,1,50,26
.54000002,.209149,2102,0,0,81,0,1,0,81,78
.51999998,.052638002,3902,1,0,76,0,1,0,76,65
.54000002,.207435,2102,0,0,78,0,1,0,78,65
.51999998,.048757002,3902,1,0,65,0,1,0,65,53
.62,.0034419999,100,0,0,26,0,1,0,26,0
.60000002,.14275201,2501,0,1,53,0,1,0,53,26
.54000002,.086065002,914,1,1,39,0,1,0,39,31
.61000001,.116573,3323,0,1,75,0,1,0,75,65
.63,.066504002,1203,0,1,75,0,1,0,75,65
.60000002,.13841499,2501,0,1,26,0,1,0,26,0
.58999997,.072893001,538,0,0,26,0,1,0,26,0
.61000001,.112291,3006,0,1,75,0,1,0,75,65
.51999998,.130615,2605,1,1,56,0,1,0,56,53
.54000002,.078152999,2404,1,1,53,0,1,0,53,26
.63,.056527,3201,0,1,71,0,1,0,71,65
.60000002,.040998001,3314,0,0,65,0,1,0,65,53
.51999998,.123251,2605,1,1,53,0,1,0,53,26
.60000002,.129383,1504,0,1,61,0,1,0,61,53
.51999998,.033270001,3902,1,0,53,0,1,0,53,26
.57999998,.088656001,502,0,0,53,0,1,0,53,26
.60000002,.038343001,3405,0,0,65,0,1,0,65,53
.58999997,.062573999,538,0,0,65,0,1,0,65,53
.60000002,.035551,1201,0,0,53,0,1,0,53,26
.60000002,.035523999,3405,0,0,53,0,1,0,53,26
.60000002,.035477001,1201,0,0,65,0,1,0,65,53
.60000002,.033403002,1201,0,0,75,0,1,0,75,65
.60000002,.122756,2501,0,1,61,0,1,0,61,53
.51999998,.026691999,3902,1,0,26,0,1,0,26,0
.63,.047570001,1302,0,1,53,0,1,0,53,26
.57999998,.078551002,2308,0,0,27,0,1,0,27,26
.63999999,.01791,1422,0,1,26,0,1,0,26,0
.63,.042824,1203,0,1,53,0,1,0,53,26
.57999998,.077734999,2308,0,0,26,0,1,0,26,0
.61000001,.091794997,3006,0,1,53,0,1,0,53,26
.63,.041529,1203,0,1,65,0,1,0,65,53
.57999998,.165236,2106,0,1,65,0,1,0,65,53
.63999999,.01332,1417,0,1,40,0,1,0,40,26
.61000001,.087939002,1508,0,1,60,0,1,0,60,53
.61000001,.087718002,3006,0,1,65,0,1,0,65,53
.5,.36178699,3320,0,1,65,0,1,0,65,53
.55000001,.14754,4800,0,0,65,0,1,0,65,53
.60000002,.021802999,3314,0,0,77,0,1,0,77,65
.63999999,.0086749997,1417,0,1,26,0,1,0,26,0
.51999998,.101188,3904,1,1,71,1,1,1,71,65
.5,.061462998,2611,1,0,68,1,1,1,68,65
.62,.057045002,602,0,1,46,0,1,0,46,26
.5,.060984001,2611,1,0,65,0,1,0,65,53
.60000002,.017217999,3405,0,0,26,0,1,0,26,0
.63,.030696999,3201,0,1,65,0,1,0,65,53
.63999999,.0049089999,1422,0,1,53,0,1,0,53,26
.63999999,.004226,1422,0,1,64,0,1,0,64,53
.60000002,.012202,3314,0,0,53,0,1,0,53,26
.62,.051353,1403,0,1,26,0,1,0,26,0
.56,.20092499,3330,0,1,78,0,1,0,78,65
.62,.051052,1403,0,1,53,0,1,0,53,26
.57999998,.149195,2106,0,1,53,0,1,0,53,26
.63,.024331,1203,0,1,26,0,1,0,26,0
.54000002,.155853,2102,0,0,65,0,1,0,65,53
.56999999,.080689996,3715,0,0,57,0,1,0,57,53
.54000002,.15456399,2102,0,0,53,0,1,0,53,26
.58999997,.0298,538,0,0,53,0,1,0,53,26
.63,.018362001,3201,0,1,26,0,1,0,26,0
.60000002,.0036820001,1201,0,0,26,0,1,0,26,0
.5,.047228001,2611,1,0,53,0,1,0,53,26
.63,.016421,1302,0,1,26,0,1,0,26,0
.5,.045340002,904,1,0,26,0,1,0,26,0
.54000002,.033744,4405,1,1,53,0,1,0,53,26
.60000002,0,3314,0,0,26,0,1,0,26,0
.54000002,.031870998,4405,1,1,65,0,1,0,65,53
.63,.012006,702,0,1,26,0,1,0,26,0
.56999999,.071699001,3327,0,0,65,0,1,0,65,53
.63,.010465,702,0,1,65,0,1,0,65,53
.60000002,.085228004,1504,0,1,53,0,1,0,53,26
.5,.33456001,3301,0,1,82,0,1,0,82,78
.63,.010172,702,0,1,53,0,1,0,53,26
.56999999,.069968,3327,0,0,71,0,1,0,71,65
.56999999,.069720998,3715,0,0,53,0,1,0,53,5
.50999999,.218991,512,0,0,53,0,1,0,53,26
.63,.0087059997,523,0,1,17,0,1,0,17,0
.61000001,.057714999,1508,0,1,53,0,1,0,53,26
.61000001,.057100002,3006,0,1,26,0,1,0,26,0
.56999999,.066969998,3715,0,0,5,0,1,0,5,0
.52999997,.16549601,3331,0,0,65,0,1,0,65,53
.61000001,.054515999,3323,0,1,53,0,1,0,53,26
.62,.029323,2303,0,1,26,0,1,0,26,0
.58999997,.014187,4301,0,0,26,0,1,0,26,0
.54000002,.021326,4405,1,1,26,0,1,0,26,0
.61000001,.052219,3323,0,1,65,0,1,0,65,53
.62,.023642,602,0,1,26,0,1,0,26,0
.58999997,.0089809997,4301,0,0,49,0,1,0,49,26
.57999998,.032457002,502,0,0,26,0,1,0,26,0
.54000002,.12942,2102,0,0,26,0,1,0,26,0
.54000002,.12860399,1418,0,0,53,0,1,0,53,26
.54000002,.012026,914,1,1,31,0,1,0,31,0
.54000002,.010342,2404,1,1,75,0,1,0,75,65
.52999997,.238637,2112,0,1,44,0,1,0,44,26
.54000002,.0072019999,2404,1,1,26,0,1,0,26,0
.52999997,.14802,3331,0,0,53,0,1,0,53,26
.51999998,.056058001,3904,1,1,65,0,1,0,65,53
.56999999,.046831999,3327,0,0,53,0,1,0,53,26
.57999998,.109944,2106,0,1,26,0,1,0,26,0
.62,.0081789996,501,0,1,31,1,1,1,31,26
.55000001,.092472002,4800,0,0,53,0,1,0,53,26
.62,.0066860002,501,0,1,26,0,1,0,26,0
.61000001,.029736999,1508,0,1,26,0,1,0,26,0
.5,.30076599,3301,0,1,78,0,1,0,78,65
.55000001,.085813001,2502,0,0,20,0,1,0,20,0
.56999999,.035626002,3202,0,0,71,1,1,1,71,65
.5,.003608,2611,1,0,26,0,1,0,26,0
.57999998,.096694998,4602,0,1,70,0,1,0,70,65
.61000001,.021811999,3323,0,1,26,0,1,0,26,0
.56999999,.117486,2103,0,1,53,0,1,0,53,26
.56,.1406,3330,0,1,65,0,1,0,65,53
.54000002,.100508,2207,0,0,53,0,1,0,53,26
.55000001,.074878,4800,0,0,26,0,1,0,26,0
.61000001,.014455,1405,0,1,26,0,1,0,26,0
.61000001,.014002,1405,0,1,57,0,1,0,57,53
.56999999,.023910001,3327,0,0,26,0,1,0,26,0
.61000001,.012849,1405,0,1,53,0,1,0,53,26
.52999997,.0010930001,4214,1,1,9,0,1,0,9,0
.58999997,.056906,530,0,1,13,0,1,0,13,0
.51999998,.024541,2605,1,1,26,0,1,0,26,0
.56999999,.015869001,3202,0,0,26,0,1,0,26,0
.56999999,.011955,3202,0,0,65,0,1,0,65,53
.60000002,.025133001,1510,0,1,65,0,1,0,65,53
.54000002,.084515996,2207,0,0,61,1,1,1,61,53
.54000002,.082245,1418,0,0,64,0,1,0,64,53
.56999999,.0068729999,3202,0,0,53,0,1,0,53,26
.56,.030571001,2902,0,0,53,0,1,0,53,26
.56,.030113,2902,0,0,60,0,1,0,60,53
.54000002,.079489999,1418,0,0,26,0,1,0,26,0
.60000002,.017858,1510,0,1,53,0,1,0,53,26
.52999997,.103014,1421,0,0,1,0,1,0,1,0
.60000002,.017428,1510,0,1,26,0,1,0,26,0
.51999998,.01025,3904,1,1,53,0,1,0,53,26
.51999998,.0094849998,4213,1,1,50,1,1,1,50,26
.50999999,.148544,512,0,0,26,0,1,0,26,0
.54000002,.072985999,2207,0,0,26,0,1,0,26,0
.56,.022593001,3801,0,0,18,0,1,0,18,0
.57999998,.060626,4602,0,1,65,0,1,0,65,53
.51999998,.0039090002,3904,1,1,26,0,1,0,26,0
.51999998,.00098400004,4213,1,1,26,0,1,0,26,0
.56,.015628001,2902,0,0,26,0,1,0,26,0
.58999997,.028915999,544,0,1,14,0,1,0,14,0
.55000001,.037978999,4501,0,0,42,1,1,1,42,26
.56,.102168,3330,0,1,53,0,1,0,53,26
.60000002,.00034999999,1504,0,1,26,0,1,0,26,0
.60000002,.000086,1702,0,1,57,0,1,0,57,53
.60000002,0,1702,0,1,53,0,1,0,53,26
.60000002,0,1702,0,1,26,0,1,0,26,0
.52999997,.08495,2307,0,0,44,0,1,0,44,26
.56,.099109001,1505,0,1,53,0,1,0,53,26
.56999999,.073904999,4302,0,1,53,1,1,1,53,26
.56,.095041998,1505,0,1,61,0,1,0,61,53
.56999999,.062809996,2103,0,1,26,0,1,0,26,0
.55000001,.112273,508,0,1,65,0,1,0,65,53
.52999997,.16189399,2112,0,1,26,0,1,0,26,0
.55000001,.1114,508,0,1,26,0,1,0,26,0
.56999999,.056937002,4302,0,1,26,0,1,0,26,0
.56,.081350997,3708,0,1,15,0,1,0,15,0
.57999998,.028794,4602,0,1,26,0,1,0,26,0
.57999998,.02857,4602,0,1,53,0,1,0,53,26
.5,.22587,3301,0,1,65,0,1,0,65,53
.56,.074643001,3330,0,1,83,0,1,0,83,78
.55000001,.097549997,508,0,1,53,0,1,0,53,26
.56,.072323002,1505,0,1,26,0,1,0,26,0
.54000002,.031821001,1503,0,0,25,0,1,0,25,0
.52999997,.056138001,2307,0,0,26,0,1,0,26,0
.5,.21975499,3320,0,1,53,0,1,0,53,26
.55000001,.0024270001,4501,0,0,26,0,1,0,26,0
.57999998,.013366,1707,0,1,5,1,1,1,5,0
.5,.121893,519,0,0,53,0,1,0,53,26
.54000002,.11135,536,0,1,63,1,1,1,63,53
.55000001,.086057998,508,0,1,75,0,1,0,75,65
.5,.119746,3605,0,0,40,1,1,1,40,26
.52999997,.131143,1502,0,1,5,0,1,0,5,0
.5,.108419,519,0,0,26,0,1,0,26,0
.56,.047015999,3319,0,1,78,0,1,0,78,65
.56,.045699999,3319,0,1,65,0,1,0,65,53
.56,.040187001,3330,0,1,26,0,1,0,26,0
.52999997,.024388,3331,0,0,26,0,1,0,26,0
.56,.020847,3319,0,1,53,0,1,0,53,26
.5,.080477998,3605,0,0,26,0,1,0,26,0
.51999998,.024289001,3501,0,0,2,0,1,0,2,0
.5,.161386,3301,0,1,53,0,1,0,53,26
.56,.0069860001,3319,0,1,26,0,1,0,26,0
.54000002,.056260001,536,0,1,53,0,1,0,53,26
.56,.00077500002,3319,0,1,89,0,1,0,89,78
.50999999,.122412,3003,0,1,71,1,1,1,71,65
.5,.037255,3101,0,0,29,1,1,1,29,26
.5,.119161,2802,0,1,52,0,1,0,52,26
.5,.024214,3101,0,0,26,0,1,0,26,0
.5,.103818,4503,0,1,53,1,1,1,53,26
.54000002,.0035379999,536,0,1,26,0,1,0,26,0
.50999999,.066707999,3003,0,1,65,0,1,0,65,53
.5,.060644999,3320,0,1,26,0,1,0,26,0
.50999999,.020835999,3003,0,1,53,0,1,0,53,26
.5,.040337998,1901,0,1,6,0,1,0,6,0
.50999999,.015244,3003,0,1,26,0,1,0,26,0
.5,.015006,3301,0,1,26,0,1,0,26,0
.5,.01375,4503,0,1,26,0,1,0,26,0
.5,.011779,1404,0,1,5,1,1,1,5,0
.5,.0065179998,2802,0,1,26,0,1,0,26,0
